time,value,shandong_rhhi,value__autocorrelation__lag_0
2023-05-01,95436,43.099179,1.0
2023-05-02,77292,55.510489,1.0
2023-05-03,73577,84.472275,1.0
2023-05-04,73821,97.167392,1.0
2023-05-05,83259,74.619745,1.0
2023-05-06,91485,54.947283,1.0
2023-05-07,60490,48.272932,1.0
2023-05-08,61101,48.393587,1.0
2023-05-09,70454,51.972712,1.0
2023-05-10,96484,53.976633,1.0
2023-05-11,102686,50.195778,1.0
2023-05-12,95595,56.00545,1.0
2023-05-13,65708,62.688538,1.0
2023-05-14,86136,60.544954,1.0
2023-05-15,115861,56.423671,1.0
2023-05-16,110302,54.213441,1.0
2023-05-17,93826,70.489074,1.0
2023-05-18,103582,81.639654,1.0
2023-05-19,108336,66.683173,1.0
2023-05-20,107752,55.331665,1.0
2023-05-21,92690,56.939266,1.0
2023-05-22,79320,52.584865,1.0
2023-05-23,62026,45.532683,1.0
2023-05-24,66267,51.797958,1.0
2023-05-25,89526,72.55967,1.0
2023-05-26,84805,77.921163,1.0
2023-05-27,74697,92.449092,1.0
2023-05-28,65240,94.821947,1.0
2023-05-29,102836,82.520479,1.0
2023-05-30,95732,80.389182,1.0
2023-05-31,90644,72.443559,1.0
2023-06-01,93989,64.615337,1.0
2023-06-02,115498,61.336421,1.0000000000000002
2023-06-03,96750,49.970701,1.0000000000000002
2023-06-04,83419,67.152731,1.0000000000000002
2023-06-05,81980,67.063063,1.0
2023-06-06,88469,57.192547,1.0
2023-06-07,88172,54.566875,1.0
2023-06-08,96587,41.552702,1.0
2023-06-09,91702,42.966457,1.0
2023-06-10,72479,53.881463,1.0
2023-06-11,71199,62.098458,1.0
2023-06-12,68765,67.377884,1.0
2023-06-13,59923,61.951545,1.0
2023-06-14,74780,53.627077,1.0
2023-06-15,62740,51.275372,1.0
2023-06-16,97653,56.73554,1.0
2023-06-17,100125,70.274945,1.0
2023-06-18,85936,71.066983,1.0
2023-06-19,68975,87.339713,1.0
2023-06-20,61478,71.472569,1.0
2023-06-21,73484,51.410543,1.0
2023-06-22,73910,43.783844,1.0
2023-06-23,96742,47.265787,1.0
2023-06-24,109116,55.963311,1.0
2023-06-25,93138,81.101645,1.0
2023-06-26,73203,69.967506,1.0
2023-06-27,90686,67.985591,1.0
2023-06-28,107769,82.024463,1.0
2023-06-29,89411,80.491675,1.0
2023-06-30,79436,64.46715,1.0
2023-07-01,75609,64.555944,1.0
2023-07-02,65488,74.418956,1.0
2023-07-03,94944,85.981268,1.0
2023-07-04,117028,82.184101,1.0
2023-07-05,101300,52.35249,1.0
2023-07-06,80347,68.465574,1.0
2023-07-07,90474,71.475675,1.0
2023-07-08,107557,70.430685,1.0
2023-07-09,117488,65.348712,1.0000000000000002
2023-07-10,102513,74.703337,0.9999999999999999
2023-07-11,87741,82.124741,1.0
2023-07-12,91032,94.214216,1.0
2023-07-13,108394,88.761063,1.0
2023-07-14,126164,67.408931,1.0
2023-07-15,113885,63.945735,0.9999999999999999
2023-07-16,88423,64.605857,1.0
2023-07-17,111922,67.492095,1.0000000000000002
2023-07-18,112219,72.19874,1.0
2023-07-19,107169,71.952542,1.0000000000000002
2023-07-20,110520,75.572115,1.0
2023-07-21,117054,85.801968,1.0
2023-07-22,75702,87.403479,1.0
2023-07-23,73569,82.758137,1.0
2023-07-24,90012,76.487329,1.0
2023-07-25,77751,78.217424,1.0
2023-07-26,82514,82.208951,1.0
2023-07-27,70629,80.312573,1.0000000000000002
2023-07-28,63357,85.742465,1.0
2023-07-29,55225,90.5066,1.0
2023-07-30,73547,89.901287,1.0
2023-07-31,56284,85.714322,1.0
2023-08-01,55417,83.575641,1.0
2023-08-02,56942,85.615899,1.0
2023-08-03,76694,84.18524,1.0
2023-08-04,103777,75.721428,1.0
2023-08-05,84557,86.265997,1.0
2023-08-06,74312,82.995903,1.0
2023-08-07,63060,85.006028,1.0
2023-08-08,95855,79.472776,1.0
2023-08-09,74544,75.493896,1.0
2023-08-10,86471,70.499789,1.0
2023-08-11,77393,68.81843,1.0
2023-08-12,98613,81.994165,1.0
2023-08-13,81862,80.37121,1.0
2023-08-14,76036,75.359022,1.0
2023-08-15,73852,73.666915,1.0
2023-08-16,73904,70.19498,1.0
2023-08-17,73111,71.219934,1.0
2023-08-18,70786,75.594404,1.0
2023-08-19,77444,74.547291,1.0
2023-08-20,98104,78.343922,1.0
2023-08-21,103557,87.45253,1.0
2023-08-22,71139,77.094246,1.0
2023-08-23,67968,70.416894,1.0
2023-08-24,64395,74.273315,1.0
2023-08-25,66077,73.977874,1.0
2023-08-26,53621,77.108231,1.0
2023-08-27,52029,88.96719,1.0
2023-08-28,81226,80.711388,1.0
2023-08-29,118871,73.088158,1.0
2023-08-30,109852,70.740699,1.0000000000000002
2023-08-31,69800,72.189902,1.0
2023-09-01,68586,77.122454,1.0
2023-09-02,58769,74.509914,1.0
2023-09-03,74102,72.241578,1.0
2023-09-04,70024,72.551057,1.0
2023-09-05,71047,71.778654,1.0
2023-09-06,72822,74.794569,1.0
2023-09-07,73234,70.620033,1.0
2023-09-08,90335,69.145276,1.0
2023-09-09,80651,68.562276,1.0
2023-09-10,73283,73.632447,1.0
2023-09-11,71592,77.820206,1.0
2023-09-12,68197,86.440413,1.0
2023-09-13,71357,69.50612,1.0
2023-09-14,68161,59.462346,1.0
2023-09-15,82530,67.196551,1.0
2023-09-16,74877,66.041018,1.0
2023-09-17,80214,67.303411,1.0
2023-09-18,75406,68.788511,1.0
2023-09-19,63401,89.389074,1.0
2023-09-20,59464,64.49003,1.0
2023-09-21,67678,59.764164,1.0
2023-09-22,99355,62.100222,1.0
2023-09-23,123270,71.159986,1.0
2023-09-24,92219,86.012367,1.0
2023-09-25,81243,85.235653,1.0
2023-09-26,81754,83.794306,1.0
2023-09-27,90105,83.487484,1.0
2023-09-28,82027,74.223479,1.0
2023-09-29,88737,71.006826,1.0
2023-09-30,100571,65.32272,1.0
2023-10-01,113744,53.732858,1.0
2023-10-02,82945,58.852215,1.0
2023-10-03,82465,66.286224,1.0
2023-10-04,79331,67.277969,1.0
2023-10-05,80703,52.604457,1.0
2023-10-06,97559,58.273637,1.0
2023-10-07,99856,64.463903,1.0
2023-10-08,85863,63.542744,1.0
2023-10-09,124134,59.835898,1.0
2023-10-10,126899,62.510679,1.0
2023-10-11,101419,64.653664,1.0
2023-10-12,100721,67.989093,1.0
2023-10-13,92419,70.336749,1.0
2023-10-14,82280,62.861003,0.9999999999999999
2023-10-15,68844,60.03893,1.0000000000000002
2023-10-16,88066,58.839034,1.0000000000000002
2023-10-17,107174,63.032829,1.0
2023-10-18,110776,61.10716,1.0
2023-10-19,102441,53.417363,1.0
2023-10-20,85520,40.04507,1.0
2023-10-21,84489,46.985948,1.0
2023-10-22,94928,51.88707,1.0
2023-10-23,129140,52.42748,1.0
2023-10-24,121602,61.142748,1.0
2023-10-25,109871,64.950762,1.0
2023-10-26,93855,58.709135,1.0
2023-10-27,111110,52.018731,1.0
2023-10-28,116256,62.10612,1.0
2023-10-29,96740,61.490446,1.0
2023-10-30,84151,65.736511,1.0
2023-10-31,93563,65.577795,1.0
2023-11-01,109076,60.933236,1.0
2023-11-02,100209,56.705531,1.0
2023-11-03,109031,63.365482,1.0
2023-11-04,97118,67.994315,1.0
2023-11-05,97997,87.490506,1.0
2023-11-06,84200,40.856303,1.0
2023-11-07,80271,50.527878,1.0
2023-11-08,88726,65.957044,1.0
2023-11-09,107928,62.586693,1.0
2023-11-10,111363,44.175726,1.0
2023-11-11,89709,64.8384,1.0
2023-11-12,86211,53.959479,1.0
2023-11-13,92305,51.150953,1.0
2023-11-14,74158,58.965955,1.0
2023-11-15,72313,67.119051,1.0
2023-11-16,64486,50.525982,1.0
2023-11-17,91173,40.606742,1.0
2023-11-18,105129,46.203507,1.0
2023-11-19,73414,63.932925,1.0
2023-11-20,75536,67.347414,1.0
2023-11-21,78695,75.387378,1.0
2023-11-22,81272,72.062342,1.0
2023-11-23,68464,38.626495,1.0
2023-11-24,87304,41.274265,1.0
2023-11-25,101101,54.947371,1.0
2023-11-26,97189,77.732139,1.0
2023-11-27,91055,69.520327,1.0
2023-11-28,107341,49.895194,1.0
2023-11-29,89934,47.703864,1.0
2023-11-30,72920,44.188303,1.0
2023-12-01,69843,47.747213,1.0
2023-12-02,63421,52.156566,1.0
2023-12-03,68850,57.313479,1.0
2023-12-04,87505,61.652943,1.0
2023-12-05,73184,68.888504,1.0
2023-12-06,62342,43.080328,1.0
2023-12-07,62450,45.495094,1.0
2023-12-08,55935,56.003111,1.0
2023-12-09,56893,68.520978,1.0
2023-12-10,51722,60.524949,1.0
2023-12-11,54338,77.0152,1.0
2023-12-12,60116,64.247008,1.0
2023-12-13,71102,71.811943,1.0
2023-12-14,87309,85.954073,1.0
2023-12-15,68345,67.896892,1.0
2023-12-16,60082,52.320343,1.0
2023-12-17,62482,39.133784,1.0
2023-12-18,74646,48.887714,1.0
2023-12-19,72962,56.965199,1.0
2023-12-20,84227,43.664456,1.0
2023-12-21,77510,39.502782,1.0
2023-12-22,73509,36.486743,1.0
2023-12-23,71475,48.218749,1.0
2023-12-24,68587,49.504559,1.0
2023-12-25,77805,46.209843,1.0
2023-12-26,80616,68.753734,1.0
2023-12-27,81764,72.275233,1.0
2023-12-28,66521,82.120382,1.0
2023-12-29,95445,90.010215,1.0
2023-12-30,118517,80.752856,1.0
2023-12-31,98448,73.425241,1.0
2024-01-01,63924,60.960345,1.0
2024-01-02,69815,62.188934,1.0
2024-01-03,77600,60.067768,1.0
2024-01-04,78937,73.518471,1.0
2024-01-05,83917,66.792855,1.0
2024-01-06,90971,57.27903,1.0
2024-01-07,80443,49.053817,1.0
2024-01-08,88948,59.560497,1.0
2024-01-09,91469,75.165003,1.0
2024-01-10,78690,62.045906,1.0
2024-01-11,74429,71.507496,0.9999999999999999
2024-01-12,71596,77.627284,1.0000000000000002
2024-01-13,77660,83.626733,0.9999999999999999
2024-01-14,75036,63.485266,0.9999999999999999
2024-01-15,69222,48.590091,1.0
2024-01-16,70599,61.300709,1.0
2024-01-17,82892,90.013946,1.0
2024-01-18,87756,78.92333,1.0
2024-01-19,80331,71.522741,1.0
2024-01-20,81299,73.27407,1.0
2024-01-21,82622,55.137198,1.0
2024-01-22,80995,33.641009,1.0
2024-01-23,74460,32.262599,1.0
2024-01-24,72941,37.29022,1.0
2024-01-25,71955,43.917887,1.0
2024-01-26,77103,45.435019,1.0
2024-01-27,80961,54.102122,1.0
2024-01-28,86525,50.448392,1.0
2024-01-29,81548,61.343347,1.0
2024-01-30,71950,77.110318,1.0
2024-01-31,70436,83.363569,1.0
2024-02-01,72558,61.311598,1.0
2024-02-02,73419,53.482508,1.0
2024-02-03,80346,58.133936,1.0
2024-02-04,100011,65.734123,1.0
2024-02-05,84171,71.045098,1.0
2024-02-06,78105,60.611318,1.0
2024-02-07,62924,60.464777,1.0
2024-02-08,66465,60.942445,1.0
2024-02-09,52915,64.614626,1.0
2024-02-10,57734,64.102581,1.0
2024-02-11,58927,57.313291,1.0
2024-02-12,55238,63.669525,1.0
2024-02-13,55791,67.04246,1.0
2024-02-14,57745,74.609789,1.0
2024-02-15,52927,49.641445,0.9999999999999999
2024-02-16,56695,51.252781,1.0000000000000002
2024-02-17,54379,68.435618,0.9999999999999999
2024-02-18,59107,88.978815,1.0
2024-02-19,68498,59.638372,0.9999999999999999
2024-02-20,78188,59.30411,1.0000000000000002
2024-02-21,71664,78.568005,1.0
2024-02-22,73358,66.611501,1.0
2024-02-23,71756,63.519277,1.0
2024-02-24,78745,67.107877,0.9999999999999999
2024-02-25,76413,56.992938,1.0000000000000002
2024-02-26,91307,50.649563,1.0
2024-02-27,87279,55.24101,1.0
2024-02-28,73716,60.628377,1.0
2024-02-29,91463,58.564711,1.0
2024-03-01,119446,42.283438,1.0
2024-03-02,129904,52.09283,1.0
2024-03-03,108488,60.969734,1.0
2024-03-04,83748,72.099867,1.0
2024-03-05,89340,75.49473,1.0
2024-03-06,88975,46.692127,1.0
2024-03-07,104167,59.907983,1.0
2024-03-08,112901,48.457294,1.0
2024-03-09,112323,48.728771,1.0
2024-03-10,87927,57.250423,1.0
2024-03-11,90768,59.702103,1.0
2024-03-12,99864,49.731494,1.0
2024-03-13,110608,45.621319,1.0
2024-03-14,122381,52.722371,1.0
2024-03-15,127268,59.032561,1.0
2024-03-16,112341,65.647282,1.0
2024-03-17,104675,35.789489,1.0
2024-03-18,109313,41.977995,1.0
2024-03-19,105830,29.234103,1.0
2024-03-20,95447,39.427236,1.0
2024-03-21,102922,47.682366,0.9999999999999999
2024-03-22,96572,47.147051,1.0
2024-03-23,121991,44.081079,1.0
2024-03-24,129573,55.649913,1.0
2024-03-25,114317,83.32414,1.0
2024-03-26,117897,65.95206,1.0
2024-03-27,120272,72.566911,1.0
2024-03-28,112252,64.640364,1.0
2024-03-29,107955,42.329076,1.0
2024-03-30,94156,41.882738,1.0
2024-03-31,96801,41.400688,1.0
2024-04-01,108122,63.590141,1.0
2024-04-02,97361,69.440929,1.0
2024-04-03,97650,56.380003,1.0
2024-04-04,90913,39.774264,1.0
2024-04-05,97128,47.942946,1.0
2024-04-06,107963,47.492885,1.0
2024-04-07,110302,52.616011,1.0
2024-04-08,101962,53.317585,1.0
2024-04-09,115118,47.395472,1.0
2024-04-10,111218,52.536126,1.0
2024-04-11,105814,58.554978,1.0
2024-04-12,105340,63.866726,1.0
2024-04-13,110913,72.135155,1.0
2024-04-14,100856,84.989768,1.0
2024-04-15,104046,72.623451,1.0
2024-04-16,117966,48.711704,1.0
2024-04-17,119584,49.307986,1.0
2024-04-18,121871,50.677905,1.0
2024-04-19,90556,54.349399,1.0
2024-04-20,98053,56.197972,1.0
2024-04-21,85633,63.773584,1.0
2024-04-22,100758,63.409012,1.0
2024-04-23,129902,68.971466,1.0
2024-04-24,101440,53.392904,1.0
2024-04-25,80259,48.083604,1.0
2024-04-26,78277,55.054971,1.0000000000000002
2024-04-27,63367,63.492055,1.0
2024-04-28,58752,69.734478,1.0
2024-04-29,80699,62.688318,1.0
2024-04-30,91634,56.083373,1.0
2024-05-01,93378,43.906063,1.0
2024-05-02,91771,40.643207,1.0
2024-05-03,93932,44.957598,1.0
2024-05-04,97795,64.355903,1.0
2024-05-05,93737,75.406652,1.0
2024-05-06,109097,70.562885,1.0
2024-05-07,98916,60.069557,1.0
2024-05-08,102670,43.810196,1.0
2024-05-09,116133,40.71477,1.0
2024-05-10,109779,50.183674,1.0
2024-05-11,98001,43.825141,1.0
2024-05-12,99723,42.223963,1.0
2024-05-13,87947,41.409835,1.0
2024-05-14,89362,44.135035,1.0
2024-05-15,81286,36.31204,1.0
2024-05-16,65694,35.727801,1.0
2024-05-17,72858,54.770696,1.0
2024-05-18,91175,58.465652,1.0
2024-05-19,76213,58.301775,1.0
2024-05-20,0,69.685032,1.0
2024-05-21,90741,69.928723,1.0
2024-05-22,89775,66.966331,1.0
2024-05-23,97654,58.044929,1.0
2024-05-24,28890,68.449588,1.0
2024-05-25,96571,72.82525,1.0
2024-05-26,110325,71.086337,0.9999999999999999
2024-05-27,93823,52.148784,1.0
2024-05-28,89198,47.36188,1.0
2024-05-29,107941,39.597447,1.0
2024-05-30,117337,51.567703,1.0000000000000002
2024-05-31,93667,54.51666,1.0
2024-06-01,118100,43.992706,1.0
2024-06-02,100204,38.255248,1.0
2024-06-03,88445,43.302739,1.0
2024-06-04,78808,41.649282,1.0
2024-06-05,104005,53.965049,1.0
2024-06-06,129669,58.138265,1.0
2024-06-07,109239,57.410853,1.0
2024-06-08,99572,57.818929,1.0
2024-06-09,87498,44.200678,1.0
2024-06-10,86063,42.277511,1.0
2024-06-11,87245,42.662694,1.0
2024-06-12,93957,51.413027,1.0
2024-06-13,81155,52.185987,1.0
2024-06-14,116746,64.715313,1.0
2024-06-15,107300,66.623644,1.0
2024-06-16,82541,57.100009,1.0
2024-06-17,82432,52.236393,1.0
2024-06-18,116082,41.201168,1.0
2024-06-19,120977,47.326956,1.0
2024-06-20,98622,61.813892,1.0
2024-06-21,128448,72.914742,1.0
2024-06-22,119850,73.109566,1.0
2024-06-23,127446,56.411164,1.0
2024-06-24,99551,54.535938,1.0
2024-06-25,118466,49.256659,1.0
2024-06-26,137000,46.173873,1.0000000000000002
2024-06-27,123364,47.619845,0.9999999999999999
2024-06-28,110222,57.281119,1.0
2024-06-29,79562,71.590906,1.0
2024-06-30,77145,62.142104,1.0
2024-07-01,75251,80.802918,1.0
2024-07-02,107590,88.655635,1.0
2024-07-03,104809,75.655741,1.0
2024-07-04,114817,83.291619,1.0
2024-07-05,104887,85.553944,1.0
2024-07-06,72326,80.261537,1.0
2024-07-07,88026,87.352463,1.0
2024-07-08,89331,87.205925,1.0
2024-07-09,79048,79.299233,1.0
2024-07-10,76641,72.546216,1.0
2024-07-11,80657,71.259664,1.0
2024-07-12,88390,74.181259,1.0
2024-07-13,78315,76.8526,1.0
2024-07-14,105538,77.746216,1.0
2024-07-15,104310,79.34636,1.0
2024-07-16,131431,87.355273,1.0
2024-07-17,148236,88.89759,1.0
2024-07-18,136569,80.646363,1.0
2024-07-19,139776,82.281625,1.0
2024-07-20,123793,86.006798,1.0
2024-07-21,129658,82.479575,1.0
2024-07-22,115570,85.827118,1.0
2024-07-23,115659,86.310248,1.0
2024-07-24,119456,85.182824,1.0
2024-07-25,131409,86.688727,1.0
2024-07-26,129759,86.733837,1.0
2024-07-27,125572,90.971578,1.0
2024-07-28,102225,88.740509,1.0
2024-07-29,134735,85.485075,1.0
2024-07-30,138833,78.913921,1.0
2024-07-31,121716,77.563432,1.0
2024-08-01,117701,82.30055,1.0
2024-08-02,137015,82.786166,1.0
2024-08-03,141094,83.821681,1.0
2024-08-04,142033,82.654941,1.0
2024-08-05,131057,86.190851,1.0
2024-08-06,127661,86.042258,1.0
2024-08-07,129495,86.66767,1.0
2024-08-08,141085,84.7597,1.0
2024-08-09,133883,85.625364,1.0
2024-08-10,123579,80.218027,1.0
2024-08-11,111664,74.832714,1.0
2024-08-12,116460,73.094675,1.0000000000000002
2024-08-13,137635,81.749245,1.0
2024-08-14,130769,85.447801,1.0
2024-08-15,120203,83.450332,1.0
2024-08-16,112044,81.272506,1.0
2024-08-17,128588,81.850426,1.0
2024-08-18,143294,84.133615,1.0
2024-08-19,137250,88.3244,1.0
2024-08-20,105105,87.711184,1.0
2024-08-21,101701,84.114795,1.0
2024-08-22,99817,80.337569,1.0
2024-08-23,98941,79.363166,1.0
2024-08-24,90688,81.122787,1.0
2024-08-25,107367,83.110608,1.0
2024-08-26,151890,86.85258,1.0
2024-08-27,139800,77.208585,1.0
2024-08-28,156645,75.105998,0.9999999999999999
2024-08-29,127671,78.163683,1.0
2024-08-30,123000,76.928305,1.0
2024-08-31,123096,78.066754,1.0
2024-09-01,99577,79.351618,1.0
2024-09-02,88384,67.552057,1.0
2024-09-03,107668,69.708176,1.0
2024-09-04,116670,71.903828,1.0
2024-09-05,113744,76.872575,1.0
2024-09-06,126893,65.730843,1.0
2024-09-07,129327,69.976754,1.0
2024-09-08,140941,73.556772,1.0
2024-09-09,114353,72.532619,1.0
2024-09-10,97364,81.876238,1.0
2024-09-11,99363,76.818437,1.0
2024-09-12,88386,78.949264,1.0
2024-09-13,93560,86.450716,1.0
2024-09-14,87858,80.152164,1.0
2024-09-15,91825,68.992471,1.0
2024-09-16,136496,69.96491,1.0
2024-09-17,98760,78.363039,1.0
2024-09-18,76774,86.626702,1.0
2024-09-19,106558,87.099683,1.0
2024-09-20,118457,85.225328,1.0
2024-09-21,114554,62.076992,1.0
2024-09-22,113618,56.786086,1.0
2024-09-23,104972,64.808441,1.0
2024-09-24,117730,69.459482,1.0
2024-09-25,109016,70.034148,1.0
2024-09-26,94028,72.744854,1.0
2024-09-27,95057,66.990344,1.0
2024-09-28,87286,67.846805,1.0
2024-09-29,93423,73.56458,1.0
2024-09-30,97621,88.463383,1.0
2024-10-01,121858,59.804431,1.0
2024-10-02,93885,47.254993,1.0
2024-10-03,76794,54.555363,1.0
2024-10-04,72687,58.499031,1.0
2024-10-05,76287,63.902347,1.0
2024-10-06,95226,67.467999,1.0
2024-10-07,82419,72.562293,1.0
2024-10-08,85338,60.509744,1.0
2024-10-09,118719,61.476564,1.0
2024-10-10,107516,65.976447,1.0
2024-10-11,104744,61.528204,1.0
2024-10-12,70858,63.702478,1.0
2024-10-13,67753,71.958895,1.0
2024-10-14,94332,77.538739,1.0
2024-10-15,120550,75.035955,1.0
2024-10-16,112399,69.646944,1.0
2024-10-17,101597,78.58502,1.0
2024-10-18,113500,90.8502,1.0
2024-10-19,112060,56.815801,1.0
2024-10-20,110347,65.937955,1.0
2024-10-21,113892,77.123419,1.0
2024-10-22,112671,78.10293,1.0
2024-10-23,108114,66.422275,1.0
2024-10-24,104806,72.562861,1.0
2024-10-25,131322,79.983467,1.0
2024-10-26,115643,82.39321,1.0
2024-10-27,132942,77.899252,1.0
2024-10-28,111524,72.519495,1.0
2024-10-29,101968,73.502601,1.0
2024-10-30,107748,77.424636,1.0
2024-10-31,133931,78.302875,1.0
2024-11-01,129642,77.764773,1.0
2024-11-02,129927,75.910181,1.0
2024-11-03,121263,70.399332,1.0
2024-11-04,119178,46.439311,1.0
2024-11-05,114458,58.379013,1.0
2024-11-06,110777,55.910653,1.0
2024-11-07,111881,60.439432,1.0
2024-11-08,117182,68.789421,1.0
2024-11-09,97204,76.120735,1.0
2024-11-10,100219,83.089306,1.0
2024-11-11,131945,83.827048,1.0
2024-11-12,95889,82.770705,1.0
2024-11-13,89048,84.735512,1.0
2024-11-14,102051,88.60972,1.0
2024-11-15,120000,88.797552,1.0000000000000002
2024-11-16,129593,74.010704,1.0
2024-11-17,111092,48.733767,1.0
2024-11-18,95939,53.197233,1.0
2024-11-19,103556,61.818819,1.0
2024-11-20,104167,73.08789,1.0
2024-11-21,97608,71.050555,1.0
2024-11-22,103171,62.835049,1.0
2024-11-23,141959,64.087395,1.0
2024-11-24,141140,66.066104,1.0
2024-11-25,151617,82.042236,1.0
2024-11-26,0,43.01743,1.0
2024-11-27,141801,42.120359,1.0
2024-11-28,141977,45.434436,1.0
2024-11-29,106673,51.563651,1.0
2024-11-30,134458,60.431315,1.0
2024-12-01,131664,68.351675,1.0
2024-12-02,124227,63.924372,1.0
2024-12-03,75154,63.123226,1.0
2024-12-04,124653,62.425059,1.0
2024-12-05,152371,66.194566,1.0
2024-12-06,148417,65.965351,1.0
2024-12-07,172917,54.517244,1.0
2024-12-08,160004,50.159421,1.0
2024-12-09,145158,58.765667,1.0
2024-12-10,120366,62.785064,1.0
2024-12-11,134182,63.488374,1.0
2024-12-12,127626,67.595548,1.0
2024-12-13,124349,65.463339,1.0
2024-12-14,126900,47.590394,1.0
2024-12-15,109475,45.747222,1.0
2024-12-16,111525,51.637404,1.0
2024-12-17,134678,57.389746,1.0
2024-12-18,121140,54.081277,1.0
2024-12-19,126903,55.491026,1.0
2024-12-20,129005,57.39337,1.0
2024-12-21,95309,44.653508,1.0
2024-12-22,115320,40.667384,1.0
2024-12-23,112471,45.98997,1.0
2024-12-24,122101,51.68909,1.0
2024-12-25,144969,58.415922,1.0
2024-12-26,136663,47.779999,1.0
2024-12-27,149097,38.552642,1.0
2024-12-28,154667,33.387108,1.0
2024-12-29,161335,42.399517,1.0
2024-12-30,139038,47.914846,1.0
2024-12-31,150025,44.419263,1.0
2025-01-01,137374,58.699979,1.0
2025-01-02,135085,67.072126,1.0
2025-01-03,115065,53.828117,1.0
2025-01-04,128337,60.515962,1.0
2025-01-05,138286,60.330675,1.0
2025-01-06,143052,47.349057,1.0
2025-01-07,148984,35.927372,1.0
2025-01-08,132376,42.405833,1.0
2025-01-09,132959,35.900406,1.0
2025-01-10,137836,32.990216,1.0
2025-01-11,144211,37.113387,1.0
2025-01-12,122238,43.931129,1.0
2025-01-13,156020,48.483954,1.0
2025-01-14,131807,45.370681,1.0
2025-01-15,123228,29.192806,1.0
2025-01-16,140701,33.333091,1.0
2025-01-17,154542,47.952535,1.0
2025-01-18,142759,49.047638,1.0
2025-01-19,117158,51.897373,1.0
2025-01-20,106727,49.197232,1.0
2025-01-21,98962,59.044172,1.0
2025-01-22,100855,65.080634,1.0
2025-01-23,81936,75.837256,1.0
2025-01-24,100382,79.492436,1.0
2025-01-25,81977,71.2952,1.0
2025-01-26,79187,64.072303,1.0
2025-01-27,75954,29.842136,1.0
2025-01-28,57878,29.668159,1.0
2025-01-29,53161,35.943285,1.0
2025-01-30,61653,61.845771,1.0
2025-01-31,41059,84.990969,1.0
2025-02-01,37161,74.196425,1.0
2025-02-02,70265,72.77159,1.0
2025-02-03,73241,45.493083,1.0
2025-02-04,99658,36.811474,1.0
2025-02-05,102018,30.779363,1.0
2025-02-06,102566,30.945099,0.9999999999999999
2025-02-07,103891,23.35924,0.9999999999999999
2025-02-08,107481,26.118264,1.0
2025-02-09,119578,24.901026,1.0
2025-02-10,127782,31.998563,1.0
2025-02-11,133368,61.544196,1.0
2025-02-12,136494,56.04033,1.0
2025-02-13,136813,33.77752,1.0
2025-02-14,128065,46.103774,1.0
2025-02-15,133573,49.267548,1.0
2025-02-16,136759,44.40608,1.0
2025-02-17,155798,41.542801,1.0
2025-02-18,163693,47.531943,1.0
2025-02-19,143194,46.899073,1.0000000000000002
2025-02-20,167942,48.751056,1.0
2025-02-21,163045,57.72786,1.0
2025-02-22,139662,54.637,1.0
2025-02-23,144729,42.510355,1.0
2025-02-24,149390,30.736803,1.0
2025-02-25,169807,40.772061,1.0
2025-02-26,143687,46.67337,1.0
2025-02-27,122759,62.467991,1.0
2025-02-28,165908,68.427168,1.0
2025-03-01,160294,83.268898,1.0
2025-03-02,131114,91.242589,1.0
2025-03-03,139874,70.693442,1.0
2025-03-04,125157,77.07238,1.0
2025-03-05,127470,72.032396,1.0
2025-03-06,111645,61.679773,1.0
2025-03-07,106204,60.55199,1.0
2025-03-08,150623,66.906737,1.0
2025-03-09,151001,64.390051,1.0
2025-03-10,131566,70.358493,1.0
2025-03-11,132073,76.788862,1.0
2025-03-12,118192,59.35044,1.0
2025-03-13,69089,41.337043,1.0
2025-03-14,96030,46.082996,1.0
2025-03-15,96203,53.669229,0.9999999999999999
2025-03-16,138430,43.737881,1.0
2025-03-17,166928,38.371597,1.0
2025-03-18,137956,37.941973,1.0
2025-03-19,120041,42.490646,0.9999999999999999
2025-03-20,108556,35.998134,1.0000000000000002
2025-03-21,116032,25.800113,1.0
2025-03-22,140648,23.865065,1.0
2025-03-23,157862,25.00476,1.0
2025-03-24,145425,33.342699,1.0
2025-03-25,108442,33.491439,1.0000000000000002
2025-03-26,95345,45.931511,1.0
2025-03-27,95447,35.677362,0.9999999999999999
2025-03-28,111939,40.62258,1.0
2025-03-29,149782,39.87841,1.0000000000000002
2025-03-30,131802,41.697579,1.0
2025-03-31,134835,44.713942,1.0
2025-04-01,137991,41.948132,1.0
2025-04-02,155591,39.822089,1.0
2025-04-03,146401,44.797139,1.0
2025-04-04,136788,52.155379,1.0
2025-04-05,142789,38.557361,1.0
2025-04-06,160934,38.589631,1.0
2025-04-07,151744,45.856434,1.0
2025-04-08,133198,45.519656,1.0
2025-04-09,125932,62.510018,1.0
2025-04-10,144789,59.725342,1.0
2025-04-11,153940,61.347712,0.9999999999999999
2025-04-12,157260,32.390976,1.0
2025-04-13,153996,28.119397,1.0
2025-04-14,112638,41.151984,1.0
2025-04-15,110599,42.656244,1.0
2025-04-16,109734,45.10767,1.0
2025-04-17,108737,49.156623,1.0
2025-04-18,112215,62.309909,1.0
2025-04-19,133544,71.260497,1.0
2025-04-20,122972,67.682182,1.0
2025-04-21,142469,72.718421,1.0
2025-04-22,121761,65.480729,1.0
2025-04-23,138822,53.099472,1.0
2025-04-24,132809,31.983976,1.0
2025-04-25,130688,40.390585,1.0
2025-04-26,169345,39.488411,1.0
2025-04-27,182256,50.476937,1.0
2025-04-28,153020,47.177085,1.0
2025-04-29,101278,40.706681,1.0
2025-04-30,106021,45.708552,1.0
2025-05-01,103157,46.985227,1.0
2025-05-02,123174,51.337626,1.0
2025-05-03,120795,44.231728,1.0
2025-05-04,138408,42.928133,1.0
2025-05-05,121589,61.687474,1.0
2025-05-06,110931,72.933895,1.0
2025-05-07,116501,69.634637,1.0
2025-05-08,148017,71.654605,1.0
2025-05-09,180970,86.824593,1.0
2025-05-10,128230,67.195393,1.0
2025-05-11,138644,49.944939,1.0
2025-05-12,128453,45.486104,1.0
2025-05-13,130570,49.554519,1.0
2025-05-14,135312,63.822013,1.0
2025-05-15,135432,65.992898,1.0
2025-05-16,122821,71.838121,1.0
2025-05-17,123992,47.12523,1.0
2025-05-18,109926,46.205714,1.0
2025-05-19,108935,52.660368,1.0
2025-05-20,154211,51.565388,1.0
2025-05-21,151721,63.794662,1.0
2025-05-22,163113,46.579108,1.0
2025-05-23,155341,60.850927,1.0
2025-05-24,107243,54.266071,1.0
2025-05-25,117304,42.466522,1.0
2025-05-26,125409,47.117188,1.0
2025-05-27,127993,46.622899,1.0
2025-05-28,145932,44.187328,1.0
2025-05-29,136968,45.431486,1.0
2025-05-30,137626,44.697907,1.0
2025-05-31,148976,49.908384,1.0
2025-06-01,134678,54.148807,1.0
2025-06-02,125739,56.796442,1.0
2025-06-03,129565,41.813478,0.9999999999999999
2025-06-04,118132,32.575987,1.0
2025-06-05,130129,37.605425,0.9999999999999999
2025-06-06,150002,42.401966,1.0
2025-06-07,166362,56.40781,1.0
2025-06-08,172089,64.122432,1.0
2025-06-09,163587,62.276816,1.0
2025-06-10,136619,59.329424,1.0
2025-06-11,128359,50.588383,1.0
2025-06-12,140041,44.685193,1.0
2025-06-13,153606,63.6428,1.0
2025-06-14,168375,70.948587,1.0
2025-06-15,166316,67.079766,1.0
2025-06-16,157513,47.163457,1.0
2025-06-17,112511,41.404936,1.0
2025-06-18,106600,51.576931,1.0
2025-06-19,121011,81.855906,1.0
2025-06-20,158256,79.594694,1.0
2025-06-21,152763,65.245197,1.0
2025-06-22,123262,57.459399,1.0
2025-06-23,117299,55.236981,1.0
2025-06-24,113898,53.346577,1.0
2025-06-25,109676,52.251373,1.0
2025-06-26,143964,73.182942,1.0
2025-06-27,139559,77.989379,1.0
2025-06-28,153540,82.376226,1.0
2025-06-29,152591,87.373327,1.0
2025-06-30,155604,81.220134,1.0
2025-07-01,162415,83.3335,1.0
2025-07-02,151568,82.312456,1.0
2025-07-03,158669,72.191401,1.0
2025-07-04,183829,69.883726,1.0
2025-07-05,191656,61.876334,1.0
2025-07-06,155271,64.155612,1.0
2025-07-07,150958,75.702827,1.0
2025-07-08,151983,75.130207,1.0
2025-07-09,162078,71.783939,1.0
2025-07-10,161719,68.953023,1.0
2025-07-11,181453,65.284733,1.0
2025-07-12,178584,64.024759,1.0
2025-07-13,177530,62.576784,1.0
2025-07-14,189394,49.632192,1.0
2025-07-15,178820,54.476218,1.0
2025-07-16,173758,76.517311,1.0
2025-07-17,167484,70.123468,1.0
2025-07-18,154104,66.028237,1.0
2025-07-19,169642,64.325501,1.0
2025-07-20,175028,76.057544,1.0
2025-07-21,159906,85.985166,1.0
2025-07-22,159395,86.561363,1.0
2025-07-23,149481,84.884499,1.0
2025-07-24,166718,78.196214,1.0
2025-07-25,160741,76.103959,1.0
2025-07-26,146003,74.331306,1.0
2025-07-27,157683,71.160971,1.0
2025-07-28,196585,69.7523,1.0
2025-07-29,211102,74.206057,1.0
2025-07-30,200552,78.357141,1.0
2025-07-31,204608,77.901243,1.0
2025-08-01,212073,81.970102,1.0
2025-08-02,199846,79.731443,1.0
2025-08-03,198331,77.334332,1.0
2025-08-04,187683,81.040635,1.0
2025-08-05,176882,79.871686,1.0
2025-08-06,183066,83.705891,1.0
2025-08-07,172143,78.74149,1.0
2025-08-08,176947,78.050008,1.0
2025-08-09,159279,86.604671,1.0
2025-08-10,163191,79.832525,1.0
2025-08-11,156851,77.749703,1.0
2025-08-12,159791,76.143355,1.0
2025-08-13,146301,79.468134,1.0
2025-08-14,170968,80.368865,1.0
2025-08-15,189069,86.032205,1.0
2025-08-16,199359,86.512614,1.0
2025-08-17,177183,87.210288,1.0
2025-08-18,173738,84.371331,1.0
2025-08-19,159820,76.700232,1.0
2025-08-20,148831,73.931978,1.0
2025-08-21,133497,74.926493,1.0
2025-08-22,131188,78.405632,1.0
2025-08-23,181101,83.082277,1.0
2025-08-24,195531,84.428701,1.0
2025-08-25,192005,83.533339,1.0
2025-08-26,172508,76.87796,1.0
2025-08-27,169868,78.07014,1.0
2025-08-28,174826,84.456389,1.0
2025-08-29,180279,84.134087,1.0
2025-08-30,172336,86.637267,1.0
2025-08-31,146572,89.529584,1.0
2025-09-01,155784,78.473509,1.0
2025-09-02,149178,77.843471,1.0
2025-09-03,154493,84.917391,1.0
2025-09-04,203219,81.975853,1.0
2025-09-05,185495,86.200747,1.0
2025-09-06,167149,83.071386,1.0
2025-09-07,158794,74.873061,1.0
2025-09-08,159786,81.943939,1.0
2025-09-09,209890,75.661072,1.0
2025-09-10,190141,76.480074,1.0
2025-09-11,173253,77.212622,1.0
2025-09-12,181919,81.127919,1.0
2025-09-13,153397,79.403201,1.0
2025-09-14,138926,78.429988,1.0
2025-09-15,150269,82.078164,1.0
2025-09-16,131803,88.894105,1.0
2025-09-17,126871,71.28911,1.0
2025-09-18,152635,73.812904,1.0
2025-09-19,173124,86.727234,1.0
2025-09-20,164988,76.095906,1.0
2025-09-21,156132,74.806856,1.0
2025-09-22,158212,84.338221,1.0
2025-09-23,148348,94.257953,1.0
2025-09-24,163148,85.757382,1.0
2025-09-25,307304,77.628857,1.0
2025-09-26,139930,79.237289,1.0
2025-09-27,130551,83.454041,1.0
2025-09-28,174648,85.285615,1.0
2025-09-29,186426,79.953709,1.0
2025-09-30,175216,77.948146,1.0
2025-10-01,145814,80.708259,1.0
2025-10-02,129902,88.268042,1.0000000000000002
2025-10-03,131183,81.891582,1.0
2025-10-04,126226,87.253572,1.0
2025-10-05,134734,92.49217,1.0
2025-10-06,109836,91.542394,1.0
2025-10-07,158061,83.458365,1.0
2025-10-08,148220,84.51763,1.0
2025-10-09,137928,87.906237,1.0
2025-10-10,146639,89.202124,0.9999999999999999
2025-10-11,131688,88.818537,1.0
2025-10-12,115126,90.24096,1.0
2025-10-13,123157,79.651919,1.0
2025-10-14,128566,95.458,1.0
2025-10-15,113898,99.3256,1.0
2025-10-16,120999,97.631,1.0
2025-10-17,100534,89.051906,1.0
2025-10-18,98881,67.353925,1.0
2025-10-19,98169,65.761213,1.0
2025-10-20,106982,57.769823,1.0
2025-10-21,97386,60.284884,1.0
2025-10-22,102947,62.921366,1.0
2025-10-23,100427,87.6497,1.0
2025-10-24,143450,69.351397,1.0
2025-10-25,140632,79.809412,1.0
2025-10-26,139778,76.852185,1.0000000000000002
2025-10-27,130334,66.939775,1.0
2025-10-28,115590,70.878624,1.0
2025-10-29,107931,68.930297,1.0
2025-10-30,118232,81.470467,1.0
2025-10-31,135073,84.165546,1.0
2025-11-01,147584,73.470467,1.0
2025-11-02,137766,57.246806,1.0
2025-11-03,152806,65.591055,1.0
2025-11-04,149163,72.062802,1.0
2025-11-05,143305,77.736256,1.0
2025-11-06,133563,83.915696,1.0
2025-11-07,124339,86.278658,1.0
2025-11-08,147395,86.243205,1.0
2025-11-09,157141,73.356908,1.0
2025-11-10,179520,57.298312,1.0
2025-11-11,161657,64.284642,1.0
2025-11-12,143449,70.009861,1.0
2025-11-13,144620,65.739984,1.0
2025-11-14,147182,68.558345,1.0
2025-11-15,137006,77.292953,1.0
2025-11-16,159344,61.324082,1.0
2025-11-17,146185,39.955739,1.0
2025-11-18,146185.0,44.58062,1.0
2025-11-19,117272,49.939727,1.0
2025-11-20,135924,58.406607,1.0
2025-11-21,146010,56.639971,1.0
2025-11-22,130757,56.986351,1.0
2025-11-23,115102,55.785762,1.0
2025-11-24,125467,60.4003,1.0
